claim_id,claim,model_or_boundary,maturity,ordinary_proof_location_in_proofs_arguments,checker_or_method,source_or_test,raw_result,article_or_figure_location,fresh_recheck
fixed-region,A fixed deterministic client has a unique greatest semantic safe region,Exact successful reference observation; no synthesis,proved + finite-checked,Proposition 1; Theorems 4–5,infer.py; replay.py,"1,230 campaign plus 16 controls",results/semantic_results.csv; results/summary.json,Sections 2–3; fixed-region and certificate theorems,"65-test suite and 14-file reproduction; separate code paths, not independent authorship"
metadata,"Signatures, availability, defaults, and effect-label sets do not determine exact behavior",Exact Boolean result/event tables may differ with identical metadata,proved + finite-checked,Proposition 2,cases.py; replay.py,metadata-twin controls,results/semantic_results.csv,Section 2 metadata proposition,clean semantic reproduction
termination,Admitted loop-free terms have a unique finite outcome and preserve Boolean/event provenance on success,Base calculus and admission caps,proved + tested,Lemma 3,model.py; replay.py,tests/test_kernel.py; boundary fixture,results/windows-20261006/unit-tests.stderr.txt; results/boundary_counts.json,Section 2 and calculus appendix,65/65 Windows tests
certificate,"Canonical complete semantic certificates validate coverage, observations, and least failures",Reference succeeds; full enumeration fits caps,proved + finite-checked,Theorem 5,replay.py,"1,246 executed cases plus mutations and fixtures",results/summary.json,Section 3 and certificate appendix,14/14 deterministic semantic files; noncanonical valid uniform certificates accepted
guard,Every semantic set has a greatest sound guard iff the finite guard family is union closed,Finite guard family contains empty set,proved + finite-checked,Theorem 6,guards.py endpoint-union producer and component-count oracle,all subsets for n=1..6 and k=1..3,results/guard_queries.jsonl,Section 3,378 queries (306/72); zero mismatches; consecutive-points boundary test
uniform,A greatest uniform region exists iff all individually viable states are jointly realizable,Finite choices; fixed observation partition; choice precedes runtime input,proved + finite-checked,Theorems 7–8,uniform.py; uniform_check.py,"3,102 matrices and partitions",results/uniform_results.jsonl; results/summary.json,Section 4; uniform-region figure,"31,538 policies; zero mismatches"
pure-conflict,Pure singleton choices can make viable states jointly unrealizable with a fixed reference,Two indistinguishable candidates plus always-compatible reference,proved + finite-checked,Section 4 fixed-reference counterexample,uniform_check.py; test_kernel.py,inputs/reference_choices.json,results/reference_choices.json,Section 4; uniform-region figure,dedicated unit test and clean suite
conflict-size,"An inclusion-minimal empty-intersection conflict has size at most the choice count, and the bound is sharp",Explicit finite choice universe,proved + finite-checked,Lemma 9,uniform_check.py,all small matrices; sharp examples through six choices,results/summary.json,Section 4,548 size-2 and 6 size-3 retained conflicts
refinement,Refining the observation partition preserves every realizable region,Policy permission changes; winning sets fixed,proved + tested,Lemma 10,uniform_check.py policy-support enumeration; test_kernel.py,all strict refinement pairs among the retained uniform problems,results/partition_refinement.jsonl; results/summary.json,Section 4,"4,172 strict partition pairs; 12,844 coarse supports preserved; 65-test suite"
complexity,"Greatest uniform-region existence is complete for nonadaptive parallel SAT, and for nonadaptive parallel existential–universal SAT with runtime inputs",Unbounded finite circuit/list widths; common pure choice; exists-before-forall,proved; bounded construction finite-checked,Lemmas 11–14; Theorem 15,succinct_campaign.py; succinct_check.py,"6,280 compact instances and construction controls",results/succinct/per_case.csv; results/succinct/summary.json,Section 5; reduction figure,zero mismatches; 7/7 files; ordinary proof still needs expert review
one-call,The lower bound embeds in one pure total API call with a shared constant tuple,"Circuit extension, not the base parser",proved + finite-checked,API embedding after Theorem 15,succinct_check.py,generated compatibility circuits,results/succinct/circuits.jsonl,Section 5,all retained circuits checked
two-maxima,Reduction images have one maximal region when positive and exactly two with a two-state core when negative,Specific reduction images only,proved + finite-checked,Corollary 16,structure_check.py,"all 6,280 retained circuits",results/succinct/structure.jsonl,Section 5,"3,140 unique and 3,140 two-maxima cases"
certificate-barrier,Polynomial positive certificates with a polynomial verifier would imply NP=coNP,Unrestricted succinct no-input model; conditional result,proved,Corollary 17,ordinary reduction argument,one-query negated-SAT specialization,proofs/arguments.md,Section 5,ordinary proof; no mechanization
composition,Local safe-version bitsets cannot compose exactly; initial-only checks can be unsound,Boolean final-value/event observation,proved + finite-checked,Proposition 18,pilot.py composition enumeration,256 Boolean function quadruples,results/composition.jsonl,Section 6,zero oracle mismatches
undecidability,Finite version count does not ensure decidability with arbitrary unbounded computation,Successful-termination compatibility; no unbounded code executed,proved,Proposition 19,ordinary halting reduction,mathematical construction only,proofs/arguments.md,Section 6,ordinary halting reduction; no execution of unbounded programs
semantic-campaign,"The declared 1,230-case campaign has zero exact-oracle mismatches",Two frozen generated grammars plus 30 source-mapped projections,finite-checked,Section 7 evidence boundary,pilot.py; closed-form/scholarly oracles,"1,200 generated + 30 projections; 16 controls separate",results/summary.json; inputs/scholarly_case_sources.json,Section 7 and evidence appendix,"13,705 mutations rejected; 4x5x5x6 contracts and call-site bounds checked"
compact-campaign,"The declared 6,280 compact cases have zero direct-oracle mismatches",Frozen bounded truth-table products,finite-checked,Section 7 evidence boundary,succinct_campaign.py; succinct_check.py,"2,120 constant + 4,160 quantified cases",results/succinct/summary.json,Section 7 and evidence appendix,"18,840 mutations rejected; q=1/2 endpoints and fixed-selection truth table checked"
reproduction,Declared deterministic evidence regenerates byte for byte from a clean extraction,Timing/RSS excluded from equality,measured finite reproduction,README commands,reproduce.py; reproduce_succinct.py,clean standalone repository,results/windows-20261006/,Artifact/reproduction appendix,65 tests; 14 semantic + 7 compact exact matches; failure injection checked
closest-work,"The contribution is scoped against synthesis, MUS/MSS, relational logic, effects, variability, and API evolution without a priority claim",12 TOPLAS + 5 influential + 5 adjacent full-paper calibration,source-calibrated,Research-lock discussion,literature/calibration.csv; closest-work.md,22 calibrated full papers plus wider 73-reference review,literature/calibration.csv,Related work and calibration appendix,metadata and claim wording rechecked; human external review still required
