name,url,license,access_date,resource_type,acquisition_method,integration_mode,supported_claim_or_limit,internals_modified
A Behavioral Notion of Subtyping,https://doi.org/10.1145/197320.197383,publisher/author copyright; not redistributed,2026-09-15,TOPLAS article,complete substantive paper calibration recorded,citation and calibration only,behavioral obligations exceed signature agreement; object-history distinction,No
Local Type Inference,https://doi.org/10.1145/345099.345100,publisher copyright; not redistributed,2026-09-15,TOPLAS article,complete substantive paper calibration recorded,citation and calibration only,principal/local inference requires an explicit order and completeness boundary,No
Featherweight Java,https://doi.org/10.1145/503502.503505,publisher copyright; not redistributed,2026-09-15,TOPLAS article,complete substantive paper calibration recorded,citation and calibration only,small calculi can isolate one metatheoretic obligation without modeling a full language,No
A Theory of Type Qualifiers,https://doi.org/10.1145/301618.301665,publisher copyright; not redistributed,2026-09-15,PLDI paper,complete substantive paper calibration recorded,citation and calibration only,constraint framework and instance-specific analysis distinction,No
Information Flow Inference for ML,https://doi.org/10.1145/596980.596983,publisher copyright; not redistributed,2026-09-15,TOPLAS article,complete substantive paper calibration recorded,citation and calibration only,principal inference must state representation and order,No
Types for Atomicity,https://doi.org/10.1145/1377492.1377495,publisher copyright; not redistributed,2026-09-15,TOPLAS article,complete substantive paper calibration recorded,citation and calibration only,ordered behavioral summaries and empirical validation set a stronger effect-system baseline,No
Extending Type Inference to Variational Programs,https://doi.org/10.1145/2518190,publisher copyright; not redistributed,2026-09-15,TOPLAS article,complete substantive paper calibration recorded,citation and calibration only,configuration variability differs from externally indexed version obligations,No
Type Inference for C: Applications to the Static Analysis of Incomplete Programs,https://doi.org/10.1145/3421472,publisher copyright; not redistributed,2026-09-15,TOPLAS article,complete substantive paper calibration and metadata recheck,citation and calibration only,incomplete-program inference is not exact finite-table compatibility,No
Modular Product Programs,https://doi.org/10.1145/3324783,publisher copyright; not redistributed,2026-09-15,TOPLAS article,complete substantive paper calibration and metadata recheck,citation and calibration only,paired-state product construction is the standard exact composition repair,No
Polymorphic Iterable Sequential Effect Systems,https://doi.org/10.1145/3450272,publisher copyright; not redistributed,2026-09-15,TOPLAS article,complete substantive paper calibration recorded,citation and calibration only,two-letter traces are not a competing general sequential-effect framework,No
A Relational Program Logic with Data Abstraction and Dynamic Framing,https://doi.org/10.1145/3551497,publisher copyright; not redistributed,2026-09-15,TOPLAS article,complete substantive paper calibration recorded,citation and calibration only,relational logic is stronger than safe-version bitsets,No
Outcome Logic,https://doi.org/10.1145/3743131,publisher/author copyright; not redistributed,2026-09-15,TOPLAS article,complete substantive paper calibration and metadata recheck,citation and calibration only,richer effect metatheory and relative completeness; no borrowed completeness claim,No
An Axiomatic Basis for Computer Programming,https://doi.org/10.1145/363235.363259,publisher copyright; not redistributed,2026-09-15,influential article,complete substantive paper calibration recorded,citation and calibration only,compositional reasoning carries assertions rather than coarse version sets,No
"Guarded Commands, Nondeterminacy and Formal Derivation of Programs",https://doi.org/10.1145/360933.360975,publisher/author archive copyright; not redistributed,2026-09-15,influential article,complete substantive paper calibration recorded,citation and calibration only,guard syntax is a representation language distinct from semantic truth,No
Abstract Interpretation,https://doi.org/10.1145/512950.512973,publisher/author copyright; not redistributed,2026-09-15,influential article,complete substantive paper calibration recorded,citation and calibration only,sound abstraction differs from an intentionally unsound interval hull diagnostic,No
Proof-Carrying Code,https://doi.org/10.1145/263699.263712,publisher copyright; not redistributed,2026-09-15,influential article,complete substantive paper calibration recorded,citation and calibration only,producer/checker architecture does not make ordinary proofs machine checked,No
Syntax-Guided Synthesis,https://doi.org/10.1109/FMCAD.2013.6679385,publisher copyright; not redistributed,2026-09-15,influential article,complete substantive paper calibration recorded,citation and calibration only,uniform defaults are a finite synthesis instance; existential choice alone is not novel,No
CiD: Automating the Detection of API-related Compatibility Issues in Android Apps,https://doi.org/10.1145/3213846.3213857,publisher/author copyright; not redistributed,2026-09-15,adjacent-venue article,complete substantive paper calibration; source patterns mapped to S001–S014,"citation, calibration, and source mapping only",non-contiguous lifecycles and guarded uses are prior capability; supplied behavior is the departure,No
Taming Android Fragmentation,https://doi.org/10.1145/2970276.2970312,publisher/author copyright; not redistributed,2026-09-15,adjacent-venue article,complete substantive paper calibration; source patterns mapped to S023–S026,"citation, calibration, and source mapping only",real fragmentation evidence motivates but is not reproduced by Boolean cases,No
SemDiff,https://doi.org/10.1109/ICSE.2009.5070565,publisher/author copyright; not redistributed,2026-09-15,adjacent-venue article,complete substantive paper calibration; source patterns mapped to S015–S018,"citation, calibration, and source mapping only",migration/replacement recommendation differs from finite semantic diagnosis,No
Identifying and Characterizing Silently-Evolved Methods in the Android API,https://doi.org/10.1109/ICSE-SEIP52600.2021.00040,publisher/author copyright; not redistributed,2026-09-15,adjacent-venue article,complete substantive paper calibration; source patterns mapped to S019–S022,"citation, calibration, and source mapping only",same-signature behavior motivates supplied exact behavior; no empirical inheritance,No
Comparative Analysis of Android Compatibility Detectors,https://doi.org/10.1145/3533767.3534407,publisher/author copyright; not redistributed,2026-09-15,adjacent-venue article,complete substantive paper calibration recorded,citation and calibration only,diagnostic baselines are not external detector reimplementations,No
Automated API-Usage Update,https://doi.org/10.1145/3293882.3330571,publisher/author copyright; not redistributed,2026-09-15,adjacent scholarly article,complete source-pattern inspection for S027–S030 and bibliography metadata,citation and source mapping only,replacement/value/effect/context patterns; not a repair evaluation,No
TOPLAS author guidelines,https://dl.acm.org/journal/toplas/author-guidelines,official site; no redistribution,2026-09-15,official workflow source,current official page/search result rechecked,workflow only,journal route and live requirements must be rechecked by accountable authors before external use,No
ACM submission process,https://www.acm.org/publications/authors/submissions,official site; no redistribution,2026-09-15,official workflow source,current official page/search result rechecked,workflow only,current publisher submission family and process,No
ACM publications policies,https://www.acm.org/publications/policies,official site; no redistribution,2026-09-15,official policy index,current official policy search results rechecked,workflow/governance only,authorship accountability and AI-use requirements remain external-use obligations,No
ACM acmart package,https://ctan.org/pkg/acmart?lang=en,LaTeX Project Public License; supplied files retain upstream notice,2026-09-15,official package record and supplied assets,package metadata and structural inspection,unmodified assets in paper directory,publisher class-family provenance; not scientific evidence,No
Type and Effect Systems,https://link.springer.com/chapter/10.1007/3-540-48092-7_6,publisher copyright; not redistributed,2026-10-06,book chapter,"publisher metadata and abstract; corroborated by DTU author record",citation only,"chapter in Correct System Design LNCS 1710 pages 114-136; general effect annotations, not a standalone book",No
GetProcessMemoryInfo,https://learn.microsoft.com/en-us/windows/win32/api/psapi/nf-psapi-getprocessmemoryinfo,official documentation; not redistributed,2026-10-06,official runtime API documentation,read-only documentation,OS API invoked through standard-library ctypes,real current-process peak working-set measurement in bytes,No
