run,scope,cpu_seconds,wall_seconds,peak_rss_kib,cpu_basis,counted_in_instrumented_total,evidence,coverage_note
semantic-first,scientific,1.202425281,1.2048251710000386,106028,driver process CPU interval,True,non-retrospectable historical measurement; matching raw log was not retained,Measured run only; value retained rather than fabricated or deleted
semantic-accounted,scientific,1.1736476640000002,1.1757329100000788,106156,driver process CPU interval,True,non-retrospectable historical measurement; matching raw log was not retained,Measured run only; current results/measurement.json belongs to the repaired campaign and is not evidence for this row
circuit-main,scientific,18.053320446,18.056210292999822,93608,driver process CPU interval,True,results/resource_records/circuit_main.json,Recovered matching real measurement record; historical bounded circuit run
circuit-two-case-prototype,scientific,0.006385508,,92844,recorded prototype process CPU interval,True,non-retrospectable historical prototype; matching raw log was not retained,Prototype wall time not retained; value retained rather than reconstructed
clean-before-reference-clarification-boundary-check,scientific reproduction,1.0394270000000003,0.7246638590004295,95172,waited-for child CPU including startup; no overlapping inner interval,True,retained original command timing fields in this record,maximum child process RSS so far in this wrapper; not aggregate process-tree peak
clean-before-reference-clarification-example-check,scientific reproduction,0.9837159999999999,0.6162171129999479,93744,waited-for child CPU including startup; no overlapping inner interval,True,retained original command timing fields in this record,maximum child process RSS so far in this wrapper; not aggregate process-tree peak
clean-before-reference-clarification-example-fresh-check,scientific reproduction,1.015196,0.6162095069994393,95172,waited-for child CPU including startup; no overlapping inner interval,True,retained original command timing fields in this record,maximum child process RSS so far in this wrapper; not aggregate process-tree peak
clean-before-reference-clarification-example-infer,scientific reproduction,0.9657089999999999,0.6187352520000786,95172,waited-for child CPU including startup; no overlapping inner interval,True,retained original command timing fields in this record,maximum child process RSS so far in this wrapper; not aggregate process-tree peak
clean-before-reference-clarification-paper,paper build,3.329713,3.3741373570001088,95172,waited-for child CPU including startup; no overlapping inner interval,True,retained original command timing fields in this record,maximum child process RSS so far in this wrapper; not aggregate process-tree peak
clean-before-reference-clarification-semantic-direct,scientific reproduction,2.1419070000000002,1.7738772849997986,106024,waited-for child CPU including startup; no overlapping inner interval,True,retained original command timing fields in this record,maximum child process RSS so far in this wrapper; not aggregate process-tree peak
clean-before-reference-clarification-semantic,scientific reproduction,2.2995919999999996,1.9212324779991832,106280,waited-for child CPU including startup; no overlapping inner interval,True,retained original command timing fields in this record,maximum child process RSS so far in this wrapper; not aggregate process-tree peak
clean-before-reference-clarification-structure,scientific reproduction,2.3794429999999998,2.022742051000023,96548,waited-for child CPU including startup; no overlapping inner interval,True,retained original command timing fields in this record,maximum child process RSS so far in this wrapper; not aggregate process-tree peak
clean-before-reference-clarification-succinct-direct,scientific reproduction,18.320291,17.916545496999788,93744,waited-for child CPU including startup; no overlapping inner interval,True,retained original command timing fields in this record,maximum child process RSS so far in this wrapper; not aggregate process-tree peak
clean-before-reference-clarification-succinct,scientific reproduction,19.033461,18.67922002599971,123440,waited-for child CPU including startup; no overlapping inner interval,True,retained original command timing fields in this record,maximum child process RSS so far in this wrapper; not aggregate process-tree peak
clean-before-reference-clarification-unit-suite,scientific reproduction,1.0859490000000003,0.7188485999995464,96040,waited-for child CPU including startup; no overlapping inner interval,True,retained original command timing fields in this record,maximum child process RSS so far in this wrapper; not aggregate process-tree peak
clean-current-boundary-check,scientific reproduction,1.1044529999999995,0.730925238999589,106280,waited-for child CPU including startup; no overlapping inner interval,True,non-retrospectable historical wrapper measurement; command record lacks matching resource fields,maximum child process RSS so far in this wrapper; not aggregate process-tree peak; command success is retained separately
clean-current-example-check,scientific reproduction,0.9993100000000004,0.6155763680008022,106280,waited-for child CPU including startup; no overlapping inner interval,True,non-retrospectable historical wrapper measurement; command record lacks matching resource fields,maximum child process RSS so far in this wrapper; not aggregate process-tree peak; command success is retained separately
clean-current-example-fresh-check,scientific reproduction,1.0150080000000017,0.6195979919993988,106280,waited-for child CPU including startup; no overlapping inner interval,True,non-retrospectable historical wrapper measurement; command record lacks matching resource fields,maximum child process RSS so far in this wrapper; not aggregate process-tree peak; command success is retained separately
clean-current-example-infer,scientific reproduction,0.9618079999999996,0.6186704109995844,106280,waited-for child CPU including startup; no overlapping inner interval,True,non-retrospectable historical wrapper measurement; command record lacks matching resource fields,maximum child process RSS so far in this wrapper; not aggregate process-tree peak; command success is retained separately
clean-current-paper,paper build,3.575341999999999,3.6255576130006375,123556,waited-for child CPU including startup; no overlapping inner interval,True,non-retrospectable historical wrapper measurement; command record lacks matching resource fields,maximum child process RSS so far in this wrapper; not aggregate process-tree peak; command success is retained separately
clean-current-semantic-direct,scientific reproduction,2.163240000000001,1.7745013310004651,106028,waited-for child CPU including startup; no overlapping inner interval,True,non-retrospectable historical wrapper measurement; command record lacks matching resource fields,maximum child process RSS so far in this wrapper; not aggregate process-tree peak; command success is retained separately
clean-current-semantic,scientific reproduction,2.138472,1.8216238209997755,106280,waited-for child CPU including startup; no overlapping inner interval,True,non-retrospectable historical wrapper measurement; command record lacks matching resource fields,maximum child process RSS so far in this wrapper; not aggregate process-tree peak; command success is retained separately
clean-current-structure,scientific reproduction,2.2871639999999998,1.921499768999638,96552,waited-for child CPU including startup; no overlapping inner interval,True,non-retrospectable historical wrapper measurement; command record lacks matching resource fields,maximum child process RSS so far in this wrapper; not aggregate process-tree peak; command success is retained separately
clean-current-succinct-direct,scientific reproduction,18.447305,18.065460722999887,106028,waited-for child CPU including startup; no overlapping inner interval,True,non-retrospectable historical wrapper measurement; command record lacks matching resource fields,maximum child process RSS so far in this wrapper; not aggregate process-tree peak; command success is retained separately
clean-current-succinct,scientific reproduction,19.931469,19.629317324999647,123556,waited-for child CPU including startup; no overlapping inner interval,True,non-retrospectable historical wrapper measurement; command record lacks matching resource fields,maximum child process RSS so far in this wrapper; not aggregate process-tree peak; command success is retained separately
clean-current-unit-suite,scientific reproduction,1.049682,0.6684185419999267,96044,waited-for child CPU including startup; no overlapping inner interval,True,non-retrospectable historical wrapper measurement; command record lacks matching resource fields,maximum child process RSS so far in this wrapper; not aggregate process-tree peak; command success is retained separately
uncovered-exploration,coverage limitation,,,,not fully instrumented,False,explicit limitation,Earlier exploratory/unit/boundary/structure executions and the final reference-repair test/build were not all retained with complete process CPU measurements. Browser transfer totals are not exposed. This table is not an exact total for the conversation; nested inner measurements are excluded from its sum.
final-semantic-campaign,scientific reproduction,2.579024884,2.5795027489998574,113192,driver process CPU interval,True,non-retrospectable historical measurement; retained measurement file has different run values,"one worker; includes mutations, independent oracles and output writing"
final-succinct-reproduction,scientific reproduction,18.809619537000003,18.818784866999977,123180,driver process CPU interval,True,non-retrospectable historical measurement; retained measurement file has different run values,"one worker; full regeneration, mutations, structure replay and exact comparison"
final-paper-build,paper build,5.49,5.50,63104,waited-for build process CPU from /usr/bin/time,True,non-retrospectable historical build measurement; matching timing log was not retained,pdfLaTeX/BibTeX8 cycle; 50 pages; no overfull or unresolved references
clean-final-paper-build,paper build,4.340000000000001,4.35,62976,waited-for build process CPU from /usr/bin/time,True,results/reproduction/clean_extraction.json,fresh release-candidate extraction; final pass clean; 50 pages
clean-final-unit-tests,scientific reproduction,3.1500000000000004,1.94,101652,waited-for test process CPU from /usr/bin/time,True,results/reproduction/unit_tests.json,fresh release-candidate extraction; 57/57; includes direct function tests and separate CLI parsing checks
clean-final-semantic,scientific reproduction,2.3155692219999997,2.319107043999793,114860,internal campaign process CPU interval,True,results/reproduction/semantic_measurement.json,fresh release-candidate extraction; 14 deterministic files exact
clean-final-succinct,scientific reproduction,18.605858124999997,18.608703318999915,123180,reproduction driver process CPU interval,True,results/reproduction/succinct_measurement.json,"fresh release-candidate extraction; 7 deterministic files exact; 6,280 structure cases"
p2-semantic-campaign,scientific reproduction,2.2169855259999998,2.2214181169999847,114860,driver process CPU interval,True,results/measurement.json,"one worker; includes mutations, independent oracles, partition-refinement and endpoint-guard checks, and output writing"
p2-succinct-campaign,scientific reproduction,17.168142506,17.18055197900003,93228,driver process CPU interval,True,results/succinct/measurement.json,one worker; includes fixed-selection truth table and q=1/2 endpoint/sentinel checks
