id,group,venue,year,title,primary_source,substantive_sections_checked,motivating_problem,general_principle,proof_or_performance_argument,practical_connection,evaluation_or_examples,artifact_strength,narrative_sequence,bibliography_and_figure_role,delta_for_this_project
T01,TOPLAS,TOPLAS,1994,A Behavioral Notion of Subtyping,https://doi.org/10.1145/197320.197383,"complete article; definitions, constraint rules, examples, discussion","substitutability is behavioral, not signature-only",history and invariant constraints make behavioral subtyping compositional,semantic model and soundness arguments,object-oriented specification and mutable state,worked hierarchy examples,formal article; no modern artifact package,problem; behavioral definition; rules; metatheory; examples,definitions and constraint diagrams carry the argument,do not call signature/lifecycle equality behavioral compatibility; state the supplied-behavior assumption
T02,TOPLAS,TOPLAS,2000,Local Type Inference,https://doi.org/10.1145/345099.345100,"complete article; algorithms, soundness/completeness, examples",global inference and full annotations are both burdensome,local propagation can recover useful principal information,algorithmic metatheory with explicit completeness boundary,typed programming practice,language examples and algorithm comparison,paper algorithms; pre-artifact era,problem; calculus; algorithms; proofs; design consequences,rule figures and examples explain the completeness envelope,separate semantic principality from representability and inference completeness
T03,TOPLAS,TOPLAS,2001,Featherweight Java,https://doi.org/10.1145/503502.503505,"complete article; core calculus, preservation/progress, extensions",full Java is too large for precise language metatheory,a deliberately small core exposes the semantic obligation,syntax-directed proofs by induction,Java feature design,typed reduction examples and extensions,widely reused formal core; no executable package required,motivation; syntax; typing; reduction; safety; extensions,compact rules and derivations are central,"present the Boolean evolution calculus as a scoped core, not an Android semantics"
T04,language-framework,PLDI,1999,A Theory of Type Qualifiers,https://doi.org/10.1145/301618.301665,"complete article; framework, inference, case studies",many lightweight properties repeat the same qualifier machinery,qualifier ordering plus constraints gives a reusable framework,soundness and inference arguments,C analyses such as const and taint-like properties,multiple instantiated analyses,implementation and case-study evidence,framework; theory; inference; instantiations; experience,constraint figures bridge formal and practical views,avoid presenting an instance-specific constraint family as a new general framework
T05,TOPLAS,TOPLAS,2003,Information Flow Inference for ML,https://doi.org/10.1145/596980.596983,"complete article; type system, inference, principal typing, implementation",security-flow annotations should be inferred precisely,constraint solving and polymorphism preserve reusable abstractions,soundness and principal-typing development,ML implementation,worked programs and implementation measurements,implemented analysis,language; types; constraints; theorem; implementation,examples and constraint forms support the story,a strongest region claim must state the order and the inference representation explicitly
T06,TOPLAS,TOPLAS,2008,Types for Atomicity,https://doi.org/10.1145/1377492.1377495,"complete article; effect system, inference, evaluation",atomicity violations need scalable static reasoning,an effect algebra can summarize ordered concurrency behavior,soundness plus inference and empirical evaluation,Java concurrency,benchmark evaluation and inferred annotations,implementation evaluated on programs,problem; effect system; inference; implementation; evaluation,effect lattice and benchmark tables are claim-critical,ordered event words here are deliberately much weaker than a concurrency effect system
T07,TOPLAS,TOPLAS,2014,Extending Type Inference to Variational Programs,https://doi.org/10.1145/2518190,"complete article; variational types, inference, soundness/completeness, evaluation",configuration variability makes repeated per-variant analysis wasteful,variational values/types share common structure while preserving alternatives,soundness/completeness and complexity discussion,software product lines,case studies and performance evidence,implementation plus subject systems,problem; calculus; inference; metatheory; evaluation,choice calculus diagrams and tables connect variability to implementation,version-indexed alternatives and observation classes must be distinguished from feature configuration
T08,TOPLAS,TOPLAS,2020,Type Inference for C: Applications to the Static Analysis of Incomplete Programs,https://doi.org/10.1145/3421472,"complete article; inference architecture, properties, applications, evaluation",incomplete C programs frustrate conventional compilation-dependent analysis,constraint-based inference can recover useful facts without a full build,formal properties plus empirical comparison,C tooling and incomplete code,multiple applications and corpus evaluation,available implementation and evaluation data,motivation; inference; analyses; implementation; evaluation,architecture and result tables carry practical evidence,our exact finite input is not an inference-from-incomplete-code claim
T09,TOPLAS,TOPLAS,2020,Modular Product Programs,https://doi.org/10.1145/3324783,"complete article; product construction, modular rules, soundness, examples",relational verification needs modular treatment of calls and differing control flow,product programs preserve paired-state relations across modules,logic and product-construction soundness,off-the-shelf verification backends,representative relational examples,prototype/tool evidence,problem; modular products; logic; automation; examples,product diagrams and proof rules are central,region bitsets cannot replace relational intermediate state; paired-state composition is closest standard repair
T10,TOPLAS,TOPLAS,2021,Polymorphic Iterable Sequential Effect Systems,https://doi.org/10.1145/3450272,"complete 79-page article; algebra, generic system, iteration, instances, related work",sequential effects lack the common algebraic account available for commutative effects,effect quantales organize ordered composition and iteration,generic soundness and algebraic results,multiple known effect systems as instances,worked instances and survey comparison,formal framework with reusable definitions,motivation; algebra; type system; iteration; instances; survey,algebra tables and rule schemas carry the generality claim,"our two-letter traces are observations, not a competing general sequential-effect framework"
T11,TOPLAS,TOPLAS,2022,A Relational Program Logic with Data Abstraction and Dynamic Framing,https://doi.org/10.1145/3551497,"complete 136-page article; semantics, logic, soundness, linking/equivalence, examples",data abstraction and dynamic allocation require relational reasoning with framing,coupling relations and dynamic frames support representation independence,operational semantics and sound logic,SMT-backed WhyRel examples,worked object and linking examples,prototype and extensive formal appendix,historical problem; language; logic; metatheory; automation; examples,proof rules and alignment examples carry the paper,"our one-call equality reduction is a lower bound inside a far smaller model, not a replacement logic"
T12,TOPLAS,TOPLAS,2025,Outcome Logic: A Unified Approach to the Metatheory of Program Logics with Branching Effects,https://doi.org/10.1145/3743131,"complete 71-page article; outcome semantics, proof system, relative completeness, embeddings, examples",correctness and incorrectness logics duplicate semantic structure,outcomes provide one semantic carrier for multiple reasoning modes,soundness and relative completeness through strongest postconditions,unifies established logics,worked nondeterministic/probabilistic examples,formal development and examples,motivation; outcome model; logic; metatheory; embeddings; examples,semantic diagrams and proof-rule tables carry unification,our deterministic certificates prove exact finite replay only and must not borrow relative-completeness language
I01,influential,CACM,1969,An Axiomatic Basis for Computer Programming,https://doi.org/10.1145/363235.363259,complete article,reasoning about programs needs compositional assertions,pre/postcondition triples and rules,axiomatic derivations,small imperative programs,worked derivations,foundational formal paper,motivation; axioms; examples; consequences,rules are the core vehicle,"composition claims should be stated as relational obligations, not informal set arithmetic"
I02,influential,CACM,1975,Guarded Commands Nondeterminacy and Formal Derivation of Programs,https://doi.org/10.1145/360933.360975,complete article,control structure and derivation should expose nondeterminism,guarded commands and weakest preconditions,calculus of predicate transformers,program derivation,small algorithms,foundational formal paper,language idea; predicate transformer; derivations,equations and examples dominate,guard syntax is a representation language distinct from the semantic safe set
I03,influential,POPL,1977,Abstract Interpretation,https://doi.org/10.1145/512950.512973,complete article,program analyses need principled approximation,Galois-style relation between concrete and abstract fixpoints,lattice/fixpoint theory,static analysis design,mathematical examples,foundational theory,problem; lattice model; approximation; fixpoints,commuting diagrams carry the argument,"an interval hull is an explicitly unsound diagnostic, not an abstract interpretation"
I04,influential,POPL,1997,Proof-Carrying Code,https://doi.org/10.1145/263699.263712,complete article,a code consumer should check safety without trusting the producer,producer supplies a proof checked by a small verifier,safety-policy and verification-condition argument,mobile code,prototype and examples,implemented producer/checker architecture,threat model; certificates; checker; prototype,architecture diagram connects trust boundary to evidence,our certificates are complete finite evaluation tables; asymptotic proofs are not proof-carrying
I05,influential,FMCAD,2013,Syntax-Guided Synthesis,https://doi.org/10.1109/FMCAD.2013.6679385,complete article,general synthesis needs a common problem interface and syntactic restriction,separate semantic specification from candidate grammar,formal problem definition and benchmark argument,solver competition interface,benchmark families,community format and solvers,motivation; definition; formats; examples; agenda,grammar/specification examples carry scope,uniform default selection is a finite synthesis instance; novelty cannot rest on renaming existential choices
A01,adjacent,ISSTA,2018,CiD,https://doi.org/10.1145/3213846.3213857,"complete 11-page article; lifecycle model, analysis, evaluation, threats",Android API lifecycles and guarded uses create compatibility issues,model API additions/removals/reintroductions and analyze bytecode guards,soundness-oriented static-analysis design plus evaluation,Android apps and repair guidance,benchmark and app corpora,implemented tool and datasets,motivation; model; analysis; evaluation; repair; threats,lifecycle figure and result tables carry evidence,historical anchor already supports non-contiguous availability; departure is supplied behavioral semantics and uniform choices
A02,adjacent,ASE,2016,Taming Android Fragmentation,https://doi.org/10.1145/2970276.2970312,"complete 12-page article; study, detector, evaluation",platform and device fragmentation yield real compatibility failures,mine issue patterns and detect with focused static analysis,empirical taxonomy plus tool evaluation,Android issue reports and apps,191 real issues and evaluation corpus,implemented detector,study; taxonomy; detector; evaluation; implications,taxonomy and accuracy tables carry practical claim,our 30 cases are bounded illustrations and provide no prevalence estimate
A03,adjacent,ICSE,2009,SemDiff,https://doi.org/10.1109/ICSE.2009.5070565,"complete 4-page article; analysis, recommendation, study",clients need help migrating when APIs change,mine framework evolution and client adaptations to recommend replacements,program-analysis and repository-mining rationale,Java framework migration,historical examples and recommendation study,prototype,problem; technique; examples; evaluation,change-pattern examples carry usefulness,this project diagnoses a finite semantic obligation and does not recommend source edits
A04,adjacent,ICSE-SEIP,2021,Silently-Evolved Methods,https://doi.org/10.1109/ICSE-SEIP52600.2021.00040,"complete 11-page article; mining, taxonomy, app study, implications",same-signature Android methods can change behavior without declaration changes,mine framework implementations and classify semantic changes,empirical mining and manual validation,Android frameworks and apps,"framework histories, sampled changes, app usage",data/tooling described; empirical artifact,motivation; method; taxonomy; prevalence; implications,taxonomy and prevalence tables carry claim,"supports the need to distinguish signature/lifecycle metadata from exact behavior, but does not supply our behavior tables"
A05,adjacent,ISSTA,2022,Comparative Analysis of Android Compatibility Detectors,https://doi.org/10.1145/3533767.3534407,"complete article; tool normalization, benchmark construction, comparison, threats",published compatibility detectors are difficult to compare fairly,common benchmark and normalized execution reveal complementary strengths,replication methodology and tool comparison,Android compatibility tooling,benchmark and comparative outcomes,replication package/tool executions,motivation; setup; comparison; diagnosis; threats,benchmark tables and disagreement analysis carry evidence,our diagnostic baselines are not reimplementations of these tools and must not be presented as such
